-- phpMyAdmin SQL Dump
-- version 5.2.1
-- https://www.phpmyadmin.net/
--
-- Host: 127.0.0.1
-- Generation Time: Aug 20, 2023 at 09:59 AM
-- Server version: 10.4.14-MariaDB
-- PHP Version: 7.4.11

SET SQL_MODE = "NO_AUTO_VALUE_ON_ZERO";
START TRANSACTION;
SET time_zone = "+00:00";


/*!40101 SET @OLD_CHARACTER_SET_CLIENT=@@CHARACTER_SET_CLIENT */;
/*!40101 SET @OLD_CHARACTER_SET_RESULTS=@@CHARACTER_SET_RESULTS */;
/*!40101 SET @OLD_COLLATION_CONNECTION=@@COLLATION_CONNECTION */;
/*!40101 SET NAMES utf8mb4 */;

--
-- Database: `project_01`
--

-- --------------------------------------------------------

--
-- Table structure for table `tb_admin.customers`
--

CREATE TABLE `tb_admin.customers` (
  `id` int(11) NOT NULL,
  `name` varchar(255) NOT NULL,
  `email` varchar(255) NOT NULL,
  `type` varchar(255) NOT NULL,
  `cpf_cnpj` varchar(255) NOT NULL,
  `image` varchar(255) NOT NULL
) ENGINE=InnoDB DEFAULT CHARSET=utf8mb4;

--
-- Dumping data for table `tb_admin.customers`
--

INSERT INTO `tb_admin.customers` (`id`, `name`, `email`, `type`, `cpf_cnpj`, `image`) VALUES
(26, 'Jony Peixoto', 'info@jonypeixoto.com', 'physical', '123.546.489-84', '6495df3a91765.jpg'),
(27, 'CybertimeUP', 'info@cybertimeup.com', 'legal', '52.343.534/5543-44', '64969903ef5b4.jpg');

-- --------------------------------------------------------

--
-- Table structure for table `tb_admin.financial`
--

CREATE TABLE `tb_admin.financial` (
  `id` int(11) NOT NULL,
  `customer_id` int(11) NOT NULL,
  `name` varchar(255) NOT NULL,
  `amount` varchar(255) NOT NULL,
  `maturity` date NOT NULL,
  `status` int(11) NOT NULL
) ENGINE=InnoDB DEFAULT CHARSET=utf8mb4;

--
-- Dumping data for table `tb_admin.financial`
--

INSERT INTO `tb_admin.financial` (`id`, `customer_id`, `name`, `amount`, `maturity`, `status`) VALUES
(1, 26, 'Lúcia Lopes ', '1.101.116,48', '2024-04-25', 1),
(2, 26, 'Lúcia Lopes ', '1.101.116,48', '2024-04-29', 0),
(3, 26, 'Lúcia Lopes ', '1.101.116,48', '2023-05-02', 0),
(4, 26, 'Lúcia Lopes ', '1.101.116,48', '2024-05-05', 1),
(5, 26, 'Lúcia Lopes ', '1.101.116,48', '2024-05-08', 1),
(6, 26, 'Lúcia Lopes ', '1.101.116,48', '2024-05-11', 0),
(7, 26, 'Breakfast', '151,56', '2023-06-27', 0),
(8, 26, 'Breakfast', '151,56', '2023-06-27', 1),
(9, 26, 'Breakfast', '151,56', '2023-06-26', 0),
(10, 27, 'Cybersecurity', '998,74', '2023-06-30', 1),
(11, 27, 'Cybersecurity', '998,74', '2023-07-10', 0),
(12, 27, 'Cybersecurity', '998,74', '2023-07-20', 1);

-- --------------------------------------------------------

--
-- Table structure for table `tb_admin.online`
--

CREATE TABLE `tb_admin.online` (
  `id` int(11) NOT NULL,
  `ip` varchar(255) NOT NULL,
  `last_action` datetime NOT NULL,
  `token` varchar(255) NOT NULL
) ENGINE=InnoDB DEFAULT CHARSET=utf8mb4;

--
-- Dumping data for table `tb_admin.online`
--

INSERT INTO `tb_admin.online` (`id`, `ip`, `last_action`, `token`) VALUES
(137, '::1', '2023-08-20 08:15:53', '64e18db6051bd'),
(138, '::1', '2023-08-20 08:16:36', '64e1bdbc2b61d');

-- --------------------------------------------------------

--
-- Table structure for table `tb_admin.stock`
--

CREATE TABLE `tb_admin.stock` (
  `id` int(11) NOT NULL,
  `name` varchar(255) NOT NULL,
  `description` text NOT NULL,
  `width` int(11) NOT NULL,
  `height` int(11) NOT NULL,
  `length` int(11) NOT NULL,
  `weight` int(11) NOT NULL,
  `quantity` int(11) NOT NULL
) ENGINE=InnoDB DEFAULT CHARSET=utf8mb4;

--
-- Dumping data for table `tb_admin.stock`
--

INSERT INTO `tb_admin.stock` (`id`, `name`, `description`, `width`, `height`, `length`, `weight`, `quantity`) VALUES
(3, 'CybertimeUP Banner', 'Banner of the CybertimeUP', 10, 10, 10, 10, 15),
(4, 'Shirt', 'A description about shirt.', 10, 10, 10, 10, 0),
(5, 'New T-shirt', 'ok', 10, 10, 100, 10, 10);

-- --------------------------------------------------------

--
-- Table structure for table `tb_admin.stock_images`
--

CREATE TABLE `tb_admin.stock_images` (
  `id` int(11) NOT NULL,
  `product_id` int(11) NOT NULL,
  `image` varchar(255) NOT NULL
) ENGINE=InnoDB DEFAULT CHARSET=utf8mb4;

--
-- Dumping data for table `tb_admin.stock_images`
--

INSERT INTO `tb_admin.stock_images` (`id`, `product_id`, `image`) VALUES
(5, 3, '649dfaf369f35.jpg'),
(6, 4, '649f19da8d0f6.jpg'),
(7, 5, '64c6c3d757cdf.jpg');

-- --------------------------------------------------------

--
-- Table structure for table `tb_admin.users`
--

CREATE TABLE `tb_admin.users` (
  `id` int(11) NOT NULL,
  `user` varchar(255) NOT NULL,
  `password` varchar(255) NOT NULL,
  `img` varchar(255) NOT NULL,
  `name` varchar(255) NOT NULL,
  `office` int(11) NOT NULL
) ENGINE=InnoDB DEFAULT CHARSET=utf8mb4;

--
-- Dumping data for table `tb_admin.users`
--

INSERT INTO `tb_admin.users` (`id`, `user`, `password`, `img`, `name`, `office`) VALUES
(1, 'admin', 'admin', '64876a4b8ffc8.jpg', 'Jony Peixoto', 2),
(2, 'thaycopim', '123456', 'thay.jpg', 'Thayná Copim', 0),
(3, 'jamesjeff', '123456', 'JamesJeff.jpg', 'jamesjeff', 0);

-- --------------------------------------------------------

--
-- Table structure for table `tb_admin.visits`
--

CREATE TABLE `tb_admin.visits` (
  `id` int(11) NOT NULL,
  `ip` varchar(255) NOT NULL,
  `day` date NOT NULL
) ENGINE=InnoDB DEFAULT CHARSET=utf8mb4;

--
-- Dumping data for table `tb_admin.visits`
--

INSERT INTO `tb_admin.visits` (`id`, `ip`, `day`) VALUES
(17, '199.168.0.2', '2023-06-10'),
(18, '::1', '2023-06-11'),
(19, '::1', '2023-06-11'),
(20, '::1', '2023-06-11'),
(21, '::1', '2023-06-11'),
(22, '::1', '2023-06-11'),
(23, '::1', '2023-06-11'),
(24, '::1', '2023-06-11'),
(25, '::1', '2023-06-11'),
(26, '::1', '2023-06-11'),
(27, '::1', '2023-06-11'),
(28, '::1', '2023-06-11'),
(29, '::1', '2023-06-11'),
(30, '::1', '2023-06-11'),
(31, '::1', '2023-06-11'),
(32, '::1', '2023-06-11'),
(33, '::1', '2023-06-11'),
(34, '::1', '2023-06-11'),
(35, '::1', '2023-06-11'),
(36, '::1', '2023-06-11'),
(37, '::1', '2023-06-11'),
(38, '::1', '2023-06-11'),
(39, '::1', '2023-06-12'),
(40, '::1', '2023-06-12'),
(41, '::1', '2023-06-12'),
(42, '::1', '2023-06-12'),
(43, '::1', '2023-06-12'),
(44, '::1', '2023-06-12'),
(45, '::1', '2023-06-12'),
(46, '::1', '2023-06-12'),
(47, '::1', '2023-06-12'),
(48, '::1', '2023-06-12'),
(49, '::1', '2023-06-12'),
(50, '::1', '2023-06-12'),
(51, '::1', '2023-06-12'),
(52, '::1', '2023-06-12'),
(53, '::1', '2023-06-12'),
(54, '::1', '2023-06-12'),
(55, '::1', '2023-06-13'),
(56, '::1', '2023-06-13'),
(57, '::1', '2023-06-13'),
(58, '::1', '2023-06-13'),
(59, '::1', '2023-06-13'),
(60, '::1', '2023-06-13'),
(61, '::1', '2023-06-13'),
(62, '::1', '2023-06-13'),
(63, '::1', '2023-06-13'),
(64, '::1', '2023-06-13'),
(65, '::1', '2023-06-13'),
(66, '::1', '2023-06-13'),
(67, '::1', '2023-06-13'),
(68, '::1', '2023-06-13'),
(69, '::1', '2023-06-13'),
(70, '::1', '2023-06-13'),
(71, '::1', '2023-06-13'),
(72, '::1', '2023-06-13'),
(73, '::1', '2023-06-13'),
(74, '::1', '2023-06-13'),
(75, '::1', '2023-06-13'),
(76, '::1', '2023-06-13'),
(77, '::1', '2023-06-13'),
(78, '::1', '2023-06-13'),
(79, '::1', '2023-06-13'),
(80, '::1', '2023-06-13'),
(81, '::1', '2023-06-13'),
(82, '::1', '2023-06-13'),
(83, '::1', '2023-06-13'),
(84, '::1', '2023-06-13'),
(85, '::1', '2023-06-13'),
(86, '::1', '2023-06-13'),
(87, '::1', '2023-06-13'),
(88, '::1', '2023-06-13'),
(89, '::1', '2023-06-13'),
(90, '::1', '2023-06-13'),
(91, '::1', '2023-06-13'),
(92, '::1', '2023-06-13'),
(93, '::1', '2023-06-13'),
(94, '::1', '2023-06-13'),
(95, '::1', '2023-06-13'),
(96, '::1', '2023-06-13'),
(97, '::1', '2023-06-13'),
(98, '::1', '2023-06-13'),
(99, '::1', '2023-06-13'),
(100, '::1', '2023-06-13'),
(101, '::1', '2023-06-13'),
(102, '::1', '2023-06-13'),
(103, '::1', '2023-06-13'),
(104, '::1', '2023-06-13'),
(105, '::1', '2023-06-13'),
(106, '::1', '2023-06-13'),
(107, '::1', '2023-06-13'),
(108, '::1', '2023-06-13'),
(109, '::1', '2023-06-13'),
(110, '::1', '2023-06-13'),
(111, '::1', '2023-06-13'),
(112, '::1', '2023-06-13'),
(113, '::1', '2023-06-13'),
(114, '::1', '2023-06-13'),
(115, '::1', '2023-06-13'),
(116, '::1', '2023-06-13'),
(117, '::1', '2023-06-13'),
(118, '::1', '2023-06-13'),
(119, '::1', '2023-06-13'),
(120, '::1', '2023-06-13'),
(121, '::1', '2023-06-13'),
(122, '::1', '2023-06-13'),
(123, '::1', '2023-06-13'),
(124, '::1', '2023-06-13'),
(125, '::1', '2023-06-13'),
(126, '::1', '2023-06-13'),
(127, '::1', '2023-06-13'),
(128, '::1', '2023-06-13'),
(129, '::1', '2023-06-13'),
(130, '::1', '2023-06-13'),
(131, '::1', '2023-06-13'),
(132, '::1', '2023-06-13'),
(133, '::1', '2023-06-13'),
(134, '::1', '2023-06-13'),
(135, '::1', '2023-06-13'),
(136, '::1', '2023-06-13'),
(137, '::1', '2023-06-13'),
(138, '::1', '2023-06-13'),
(139, '::1', '2023-06-13'),
(140, '::1', '2023-06-13'),
(141, '::1', '2023-06-13'),
(142, '::1', '2023-06-13'),
(143, '::1', '2023-06-13'),
(144, '::1', '2023-06-13'),
(145, '::1', '2023-06-13'),
(146, '::1', '2023-06-13'),
(147, '::1', '2023-06-13'),
(148, '::1', '2023-06-13'),
(149, '::1', '2023-06-13'),
(150, '::1', '2023-06-13'),
(151, '::1', '2023-06-13'),
(152, '::1', '2023-06-14'),
(153, '::1', '2023-06-14'),
(154, '::1', '2023-06-14'),
(155, '::1', '2023-06-14'),
(156, '::1', '2023-06-14'),
(157, '::1', '2023-06-14'),
(158, '::1', '2023-06-14'),
(159, '::1', '2023-06-14'),
(160, '::1', '2023-06-14'),
(161, '::1', '2023-06-14'),
(162, '::1', '2023-06-14'),
(163, '::1', '2023-06-14'),
(164, '::1', '2023-06-14'),
(165, '::1', '2023-06-14'),
(166, '::1', '2023-06-14'),
(167, '::1', '2023-06-14'),
(168, '::1', '2023-06-14'),
(169, '::1', '2023-06-14'),
(170, '::1', '2023-06-14'),
(171, '::1', '2023-06-14'),
(172, '::1', '2023-06-14'),
(173, '::1', '2023-06-14'),
(174, '::1', '2023-06-14'),
(175, '::1', '2023-06-14'),
(176, '::1', '2023-06-14'),
(177, '::1', '2023-06-14'),
(178, '::1', '2023-06-14'),
(179, '::1', '2023-06-14'),
(180, '::1', '2023-06-14'),
(181, '::1', '2023-06-14'),
(182, '::1', '2023-06-14'),
(183, '::1', '2023-06-14'),
(184, '::1', '2023-06-14'),
(185, '::1', '2023-06-14'),
(186, '::1', '2023-06-14'),
(187, '::1', '2023-06-14'),
(188, '::1', '2023-06-14'),
(189, '::1', '2023-06-14'),
(190, '::1', '2023-06-14'),
(191, '::1', '2023-06-14'),
(192, '::1', '2023-06-14'),
(193, '::1', '2023-06-14'),
(194, '::1', '2023-06-14'),
(195, '::1', '2023-06-14'),
(196, '::1', '2023-06-14'),
(197, '::1', '2023-06-14'),
(198, '::1', '2023-06-14'),
(199, '::1', '2023-06-14'),
(200, '::1', '2023-06-14'),
(201, '::1', '2023-06-14'),
(202, '::1', '2023-06-14'),
(203, '::1', '2023-06-15'),
(204, '::1', '2023-06-15'),
(205, '::1', '2023-06-15'),
(206, '::1', '2023-06-15'),
(207, '::1', '2023-06-15'),
(208, '::1', '2023-06-15'),
(209, '::1', '2023-06-15'),
(210, '::1', '2023-06-15'),
(211, '::1', '2023-06-15'),
(212, '::1', '2023-06-15'),
(213, '::1', '2023-06-15'),
(214, '::1', '2023-06-15'),
(215, '::1', '2023-06-15'),
(216, '::1', '2023-06-15'),
(217, '::1', '2023-06-15'),
(218, '::1', '2023-06-15'),
(219, '::1', '2023-06-15'),
(220, '::1', '2023-06-15'),
(221, '::1', '2023-06-15'),
(222, '::1', '2023-06-15'),
(223, '::1', '2023-06-15'),
(224, '::1', '2023-06-15'),
(225, '::1', '2023-06-15'),
(226, '::1', '2023-06-15'),
(227, '::1', '2023-06-15'),
(228, '::1', '2023-06-15'),
(229, '::1', '2023-06-15'),
(230, '::1', '2023-06-15'),
(231, '::1', '2023-06-15'),
(232, '::1', '2023-06-15'),
(233, '::1', '2023-06-15'),
(234, '::1', '2023-06-15'),
(235, '::1', '2023-06-15'),
(236, '::1', '2023-06-15'),
(237, '::1', '2023-06-15'),
(238, '::1', '2023-06-15'),
(239, '::1', '2023-06-15'),
(240, '::1', '2023-06-15'),
(241, '::1', '2023-06-15'),
(242, '::1', '2023-06-15'),
(243, '::1', '2023-06-15'),
(244, '::1', '2023-06-15'),
(245, '::1', '2023-06-15'),
(246, '::1', '2023-06-15'),
(247, '::1', '2023-06-16'),
(248, '::1', '2023-06-16'),
(249, '::1', '2023-06-16'),
(250, '::1', '2023-06-16'),
(251, '::1', '2023-06-16'),
(252, '::1', '2023-06-16'),
(253, '::1', '2023-06-16'),
(254, '::1', '2023-06-16'),
(255, '::1', '2023-06-16'),
(256, '::1', '2023-06-16'),
(257, '::1', '2023-06-16'),
(258, '::1', '2023-06-16'),
(259, '::1', '2023-06-16'),
(260, '::1', '2023-06-16'),
(261, '::1', '2023-06-16'),
(262, '::1', '2023-06-16'),
(263, '::1', '2023-06-16'),
(264, '::1', '2023-06-16'),
(265, '::1', '2023-06-16'),
(266, '::1', '2023-06-16'),
(267, '::1', '2023-06-16'),
(268, '::1', '2023-06-16'),
(269, '::1', '2023-06-16'),
(270, '::1', '2023-06-16'),
(271, '::1', '2023-06-16'),
(272, '::1', '2023-06-16'),
(273, '::1', '2023-06-16'),
(274, '::1', '2023-06-16'),
(275, '::1', '2023-06-16'),
(276, '::1', '2023-06-16'),
(277, '::1', '2023-06-16'),
(278, '::1', '2023-06-16'),
(279, '::1', '2023-06-16'),
(280, '::1', '2023-06-16'),
(281, '::1', '2023-06-16'),
(282, '::1', '2023-06-16'),
(283, '::1', '2023-06-16'),
(284, '::1', '2023-06-16'),
(285, '::1', '2023-06-16'),
(286, '::1', '2023-06-16'),
(287, '::1', '2023-06-16'),
(288, '::1', '2023-06-16'),
(289, '::1', '2023-06-16'),
(290, '::1', '2023-06-16'),
(291, '::1', '2023-06-16'),
(292, '::1', '2023-06-16'),
(293, '::1', '2023-06-16'),
(294, '::1', '2023-06-16'),
(295, '::1', '2023-06-16'),
(296, '::1', '2023-06-16'),
(297, '::1', '2023-06-16'),
(298, '::1', '2023-06-16'),
(299, '::1', '2023-06-16'),
(300, '::1', '2023-06-16'),
(301, '::1', '2023-06-16'),
(302, '::1', '2023-06-16'),
(303, '::1', '2023-06-16'),
(304, '::1', '2023-06-16'),
(305, '::1', '2023-06-16'),
(306, '::1', '2023-06-16'),
(307, '::1', '2023-06-16'),
(308, '::1', '2023-06-16'),
(309, '::1', '2023-06-16'),
(310, '::1', '2023-06-16'),
(311, '::1', '2023-06-16'),
(312, '::1', '2023-06-16'),
(313, '::1', '2023-06-16'),
(314, '::1', '2023-06-16'),
(315, '::1', '2023-06-16'),
(316, '::1', '2023-06-16'),
(317, '::1', '2023-06-16'),
(318, '::1', '2023-06-16'),
(319, '::1', '2023-06-16'),
(320, '::1', '2023-06-16'),
(321, '::1', '2023-06-16'),
(322, '::1', '2023-06-16'),
(323, '::1', '2023-06-16'),
(324, '::1', '2023-06-16'),
(325, '::1', '2023-06-16'),
(326, '::1', '2023-06-16'),
(327, '::1', '2023-06-16'),
(328, '::1', '2023-06-16'),
(329, '::1', '2023-06-16'),
(330, '::1', '2023-06-16'),
(331, '::1', '2023-06-16'),
(332, '::1', '2023-06-16'),
(333, '::1', '2023-06-16'),
(334, '::1', '2023-06-16'),
(335, '::1', '2023-06-16'),
(336, '::1', '2023-06-16'),
(337, '::1', '2023-06-16'),
(338, '::1', '2023-06-16'),
(339, '::1', '2023-06-16'),
(340, '::1', '2023-06-16'),
(341, '::1', '2023-06-16'),
(342, '::1', '2023-06-16'),
(343, '::1', '2023-06-16'),
(344, '::1', '2023-06-16'),
(345, '::1', '2023-06-16'),
(346, '::1', '2023-06-16'),
(347, '::1', '2023-06-16'),
(348, '::1', '2023-06-16'),
(349, '::1', '2023-06-16'),
(350, '::1', '2023-06-16'),
(351, '::1', '2023-06-16'),
(352, '::1', '2023-06-16'),
(353, '::1', '2023-06-16'),
(354, '::1', '2023-06-16'),
(355, '::1', '2023-06-16'),
(356, '::1', '2023-06-16'),
(357, '::1', '2023-06-16'),
(358, '::1', '2023-06-16'),
(359, '::1', '2023-06-16'),
(360, '::1', '2023-06-16'),
(361, '::1', '2023-06-16'),
(362, '::1', '2023-06-16'),
(363, '::1', '2023-06-16'),
(364, '::1', '2023-06-16'),
(365, '::1', '2023-06-16'),
(366, '::1', '2023-06-16'),
(367, '::1', '2023-06-16'),
(368, '::1', '2023-06-16'),
(369, '::1', '2023-06-16'),
(370, '::1', '2023-06-16'),
(371, '::1', '2023-06-16'),
(372, '::1', '2023-06-16'),
(373, '::1', '2023-06-16'),
(374, '::1', '2023-06-16'),
(375, '::1', '2023-06-16'),
(376, '::1', '2023-06-16'),
(377, '::1', '2023-06-16'),
(378, '::1', '2023-06-16'),
(379, '::1', '2023-06-16'),
(380, '::1', '2023-06-16'),
(381, '::1', '2023-06-16'),
(382, '::1', '2023-06-16'),
(383, '::1', '2023-06-16'),
(384, '::1', '2023-06-16'),
(385, '::1', '2023-06-16'),
(386, '::1', '2023-06-16'),
(387, '::1', '2023-06-16'),
(388, '::1', '2023-06-16'),
(389, '::1', '2023-06-16'),
(390, '::1', '2023-06-16'),
(391, '::1', '2023-06-16'),
(392, '::1', '2023-06-16'),
(393, '::1', '2023-06-16'),
(394, '::1', '2023-06-16'),
(395, '::1', '2023-06-16'),
(396, '::1', '2023-06-16'),
(397, '::1', '2023-06-17'),
(398, '::1', '2023-06-17'),
(399, '::1', '2023-06-17'),
(400, '::1', '2023-06-17'),
(401, '::1', '2023-06-17'),
(402, '::1', '2023-06-18'),
(403, '::1', '2023-06-18'),
(404, '::1', '2023-06-18'),
(405, '::1', '2023-06-18'),
(406, '::1', '2023-06-18'),
(407, '::1', '2023-06-18'),
(408, '::1', '2023-06-18'),
(409, '::1', '2023-06-18'),
(410, '::1', '2023-06-18'),
(411, '::1', '2023-06-19'),
(412, '::1', '2023-06-19'),
(413, '::1', '2023-06-19'),
(414, '::1', '2023-06-19'),
(415, '::1', '2023-06-19'),
(416, '::1', '2023-06-19'),
(417, '::1', '2023-06-19'),
(418, '::1', '2023-06-19'),
(419, '::1', '2023-06-19'),
(420, '::1', '2023-06-19'),
(421, '::1', '2023-06-19'),
(422, '::1', '2023-06-19'),
(423, '::1', '2023-06-19'),
(424, '::1', '2023-06-19'),
(425, '::1', '2023-06-19'),
(426, '::1', '2023-06-19'),
(427, '::1', '2023-06-19'),
(428, '::1', '2023-06-19'),
(429, '::1', '2023-06-19'),
(430, '::1', '2023-06-19'),
(431, '::1', '2023-06-19'),
(432, '::1', '2023-06-19'),
(433, '::1', '2023-06-19'),
(434, '::1', '2023-06-19'),
(435, '::1', '2023-06-19'),
(436, '::1', '2023-06-19'),
(437, '::1', '2023-06-19'),
(438, '::1', '2023-06-19'),
(439, '::1', '2023-06-19'),
(440, '::1', '2023-06-19'),
(441, '::1', '2023-06-19'),
(442, '::1', '2023-06-19'),
(443, '::1', '2023-06-19'),
(444, '::1', '2023-06-19'),
(445, '::1', '2023-06-19'),
(446, '::1', '2023-06-19'),
(447, '::1', '2023-06-19'),
(448, '::1', '2023-06-19'),
(449, '::1', '2023-06-19'),
(450, '::1', '2023-06-19'),
(451, '::1', '2023-06-19'),
(452, '::1', '2023-06-19'),
(453, '::1', '2023-06-19'),
(454, '::1', '2023-06-19'),
(455, '::1', '2023-06-19'),
(456, '::1', '2023-06-19'),
(457, '::1', '2023-06-19'),
(458, '::1', '2023-06-19'),
(459, '::1', '2023-06-19'),
(460, '::1', '2023-06-19'),
(461, '::1', '2023-06-19'),
(462, '::1', '2023-06-19'),
(463, '::1', '2023-06-19'),
(464, '::1', '2023-06-19'),
(465, '::1', '2023-06-19'),
(466, '::1', '2023-06-19'),
(467, '::1', '2023-06-19'),
(468, '::1', '2023-06-19'),
(469, '::1', '2023-06-19'),
(470, '::1', '2023-06-19'),
(471, '::1', '2023-06-19'),
(472, '::1', '2023-06-19'),
(473, '::1', '2023-06-20'),
(474, '::1', '2023-06-20'),
(475, '::1', '2023-06-20'),
(476, '::1', '2023-06-20'),
(477, '::1', '2023-06-20'),
(478, '::1', '2023-06-20'),
(479, '::1', '2023-06-20'),
(480, '::1', '2023-06-20'),
(481, '::1', '2023-06-20'),
(482, '::1', '2023-06-20'),
(483, '::1', '2023-06-20'),
(484, '::1', '2023-06-20'),
(485, '::1', '2023-06-20'),
(486, '::1', '2023-06-20'),
(487, '::1', '2023-06-20'),
(488, '::1', '2023-06-20'),
(489, '::1', '2023-06-20'),
(490, '::1', '2023-06-22'),
(491, '::1', '2023-06-22'),
(492, '::1', '2023-06-22'),
(493, '::1', '2023-06-22'),
(494, '::1', '2023-06-22'),
(495, '::1', '2023-06-22'),
(496, '::1', '2023-06-22'),
(497, '::1', '2023-06-22'),
(498, '::1', '2023-06-22'),
(499, '::1', '2023-06-22'),
(500, '::1', '2023-06-23'),
(501, '::1', '2023-06-23'),
(502, '::1', '2023-06-24'),
(503, '::1', '2023-06-24'),
(504, '::1', '2023-06-24'),
(505, '::1', '2023-06-24'),
(506, '::1', '2023-06-24'),
(507, '::1', '2023-06-24'),
(508, '::1', '2023-06-24'),
(509, '::1', '2023-06-24'),
(510, '::1', '2023-06-24'),
(511, '::1', '2023-06-24'),
(512, '::1', '2023-06-24'),
(513, '::1', '2023-06-24'),
(514, '::1', '2023-06-24'),
(515, '::1', '2023-06-24'),
(516, '::1', '2023-06-24'),
(517, '::1', '2023-06-24'),
(518, '::1', '2023-06-24'),
(519, '::1', '2023-06-24'),
(520, '::1', '2023-06-24'),
(521, '::1', '2023-06-24'),
(522, '::1', '2023-06-24'),
(523, '::1', '2023-06-24'),
(524, '::1', '2023-06-24'),
(525, '::1', '2023-06-24'),
(526, '::1', '2023-06-24'),
(527, '::1', '2023-06-24'),
(528, '::1', '2023-06-24'),
(529, '::1', '2023-06-24'),
(530, '::1', '2023-06-24'),
(531, '::1', '2023-06-24'),
(532, '::1', '2023-06-24'),
(533, '::1', '2023-06-24'),
(534, '::1', '2023-06-24'),
(535, '::1', '2023-06-24'),
(536, '::1', '2023-06-24'),
(537, '::1', '2023-06-24'),
(538, '::1', '2023-06-24'),
(539, '::1', '2023-06-24'),
(540, '::1', '2023-06-25'),
(541, '::1', '2023-06-25'),
(542, '::1', '2023-06-25'),
(543, '::1', '2023-06-25'),
(544, '::1', '2023-06-25'),
(545, '::1', '2023-06-25'),
(546, '::1', '2023-06-25'),
(547, '::1', '2023-06-25'),
(548, '::1', '2023-06-25'),
(549, '::1', '2023-06-25'),
(550, '::1', '2023-06-25'),
(551, '::1', '2023-06-25'),
(552, '::1', '2023-06-25'),
(553, '::1', '2023-06-25'),
(554, '::1', '2023-06-25'),
(555, '::1', '2023-06-25'),
(556, '::1', '2023-06-25'),
(557, '::1', '2023-06-25'),
(558, '::1', '2023-06-25'),
(559, '::1', '2023-06-25'),
(560, '::1', '2023-06-28'),
(561, '::1', '2023-06-28'),
(562, '::1', '2023-06-28'),
(563, '::1', '2023-06-28'),
(564, '::1', '2023-06-28'),
(565, '::1', '2023-06-28'),
(566, '::1', '2023-06-28'),
(567, '::1', '2023-06-28'),
(568, '::1', '2023-06-28'),
(569, '::1', '2023-06-29'),
(570, '::1', '2023-06-30'),
(571, '::1', '2023-07-01'),
(572, '::1', '2023-07-01'),
(573, '::1', '2023-07-01'),
(574, '::1', '2023-07-30'),
(575, '::1', '2023-07-30'),
(576, '::1', '2023-07-31'),
(577, '::1', '2023-07-31'),
(578, '::1', '2023-07-31'),
(579, '::1', '2023-07-31'),
(580, '::1', '2023-07-31'),
(581, '::1', '2023-07-31'),
(582, '::1', '2023-07-31'),
(583, '::1', '2023-07-31'),
(584, '::1', '2023-08-14'),
(585, '::1', '2023-08-14'),
(586, '::1', '2023-08-14'),
(587, '::1', '2023-08-14'),
(588, '::1', '2023-08-14'),
(589, '::1', '2023-08-14'),
(590, '::1', '2023-08-14'),
(591, '::1', '2023-08-14'),
(592, '::1', '2023-08-14'),
(593, '::1', '2023-08-14'),
(594, '::1', '2023-08-14'),
(595, '::1', '2023-08-14'),
(596, '::1', '2023-08-14'),
(597, '::1', '2023-08-14'),
(598, '::1', '2023-08-14'),
(599, '::1', '2023-08-14'),
(600, '::1', '2023-08-14'),
(601, '::1', '2023-08-14'),
(602, '::1', '2023-08-14'),
(603, '::1', '2023-08-14'),
(604, '::1', '2023-08-14'),
(605, '::1', '2023-08-14'),
(606, '::1', '2023-08-14'),
(607, '::1', '2023-08-14'),
(608, '::1', '2023-08-14'),
(609, '::1', '2023-08-14'),
(610, '::1', '2023-08-14'),
(611, '::1', '2023-08-14'),
(612, '::1', '2023-08-14'),
(613, '::1', '2023-08-14'),
(614, '::1', '2023-08-14'),
(615, '::1', '2023-08-14'),
(616, '::1', '2023-08-14'),
(617, '::1', '2023-08-14'),
(618, '::1', '2023-08-14'),
(619, '::1', '2023-08-14'),
(620, '::1', '2023-08-14'),
(621, '::1', '2023-08-14'),
(622, '::1', '2023-08-14'),
(623, '::1', '2023-08-14'),
(624, '::1', '2023-08-14'),
(625, '::1', '2023-08-14'),
(626, '::1', '2023-08-14'),
(627, '::1', '2023-08-14'),
(628, '::1', '2023-08-14'),
(629, '::1', '2023-08-14'),
(630, '::1', '2023-08-14'),
(631, '::1', '2023-08-14'),
(632, '::1', '2023-08-14'),
(633, '::1', '2023-08-14'),
(634, '::1', '2023-08-14'),
(635, '::1', '2023-08-14'),
(636, '::1', '2023-08-14'),
(637, '::1', '2023-08-14'),
(638, '::1', '2023-08-14'),
(639, '::1', '2023-08-14'),
(640, '::1', '2023-08-14'),
(641, '::1', '2023-08-14'),
(642, '::1', '2023-08-14'),
(643, '::1', '2023-08-14'),
(644, '::1', '2023-08-14'),
(645, '::1', '2023-08-14'),
(646, '::1', '2023-08-14'),
(647, '::1', '2023-08-14'),
(648, '::1', '2023-08-14'),
(649, '::1', '2023-08-14'),
(650, '::1', '2023-08-14'),
(651, '::1', '2023-08-14'),
(652, '::1', '2023-08-14'),
(653, '::1', '2023-08-14'),
(654, '::1', '2023-08-14'),
(655, '::1', '2023-08-14'),
(656, '::1', '2023-08-14'),
(657, '::1', '2023-08-14'),
(658, '::1', '2023-08-14'),
(659, '::1', '2023-08-14'),
(660, '::1', '2023-08-14'),
(661, '::1', '2023-08-14'),
(662, '::1', '2023-08-14'),
(663, '::1', '2023-08-14'),
(664, '::1', '2023-08-14'),
(665, '::1', '2023-08-14'),
(666, '::1', '2023-08-14'),
(667, '::1', '2023-08-14'),
(668, '::1', '2023-08-14'),
(669, '::1', '2023-08-14'),
(670, '::1', '2023-08-14'),
(671, '::1', '2023-08-14'),
(672, '::1', '2023-08-14'),
(673, '::1', '2023-08-14'),
(674, '::1', '2023-08-14'),
(675, '::1', '2023-08-14'),
(676, '::1', '2023-08-14'),
(677, '::1', '2023-08-14'),
(678, '::1', '2023-08-14'),
(679, '::1', '2023-08-14'),
(680, '::1', '2023-08-14'),
(681, '::1', '2023-08-14'),
(682, '::1', '2023-08-14'),
(683, '::1', '2023-08-14'),
(684, '::1', '2023-08-14'),
(685, '::1', '2023-08-14'),
(686, '::1', '2023-08-14'),
(687, '::1', '2023-08-14'),
(688, '::1', '2023-08-14'),
(689, '::1', '2023-08-14'),
(690, '::1', '2023-08-14'),
(691, '::1', '2023-08-14'),
(692, '::1', '2023-08-14'),
(693, '::1', '2023-08-14'),
(694, '::1', '2023-08-14'),
(695, '::1', '2023-08-14'),
(696, '::1', '2023-08-14'),
(697, '::1', '2023-08-14'),
(698, '::1', '2023-08-14'),
(699, '::1', '2023-08-14'),
(700, '::1', '2023-08-14'),
(701, '::1', '2023-08-14'),
(702, '::1', '2023-08-14'),
(703, '::1', '2023-08-14'),
(704, '::1', '2023-08-14'),
(705, '::1', '2023-08-14'),
(706, '::1', '2023-08-14'),
(707, '::1', '2023-08-14'),
(708, '::1', '2023-08-14'),
(709, '::1', '2023-08-14'),
(710, '::1', '2023-08-14'),
(711, '::1', '2023-08-14'),
(712, '::1', '2023-08-14'),
(713, '::1', '2023-08-14'),
(714, '::1', '2023-08-14'),
(715, '::1', '2023-08-14'),
(716, '::1', '2023-08-14'),
(717, '::1', '2023-08-14'),
(718, '::1', '2023-08-14'),
(719, '::1', '2023-08-14'),
(720, '::1', '2023-08-14'),
(721, '::1', '2023-08-14'),
(722, '::1', '2023-08-14'),
(723, '::1', '2023-08-14'),
(724, '::1', '2023-08-14'),
(725, '::1', '2023-08-14'),
(726, '::1', '2023-08-14'),
(727, '::1', '2023-08-14'),
(728, '::1', '2023-08-14'),
(729, '::1', '2023-08-14'),
(730, '::1', '2023-08-19'),
(731, '::1', '2023-08-20'),
(732, '::1', '2023-08-20'),
(733, '::1', '2023-08-20'),
(734, '::1', '2023-08-20'),
(735, '::1', '2023-08-20'),
(736, '::1', '2023-08-20'),
(737, '::1', '2023-08-20'),
(738, '::1', '2023-08-20'),
(739, '::1', '2023-08-20'),
(740, '::1', '2023-08-20'),
(741, '::1', '2023-08-20'),
(742, '::1', '2023-08-20'),
(743, '::1', '2023-08-20'),
(744, '::1', '2023-08-20'),
(745, '::1', '2023-08-20'),
(746, '::1', '2023-08-20'),
(747, '::1', '2023-08-20'),
(748, '::1', '2023-08-20'),
(749, '::1', '2023-08-20'),
(750, '::1', '2023-08-20'),
(751, '::1', '2023-08-20'),
(752, '::1', '2023-08-20'),
(753, '::1', '2023-08-20'),
(754, '::1', '2023-08-20'),
(755, '::1', '2023-08-20'),
(756, '::1', '2023-08-20'),
(757, '::1', '2023-08-20'),
(758, '::1', '2023-08-20'),
(759, '::1', '2023-08-20'),
(760, '::1', '2023-08-20'),
(761, '::1', '2023-08-20'),
(762, '::1', '2023-08-20'),
(763, '::1', '2023-08-20'),
(764, '::1', '2023-08-20'),
(765, '::1', '2023-08-20'),
(766, '::1', '2023-08-20'),
(767, '::1', '2023-08-20'),
(768, '::1', '2023-08-20'),
(769, '::1', '2023-08-20'),
(770, '::1', '2023-08-20'),
(771, '::1', '2023-08-20'),
(772, '::1', '2023-08-20'),
(773, '::1', '2023-08-20'),
(774, '::1', '2023-08-20'),
(775, '::1', '2023-08-20');

-- --------------------------------------------------------

--
-- Table structure for table `tb_site.categories`
--

CREATE TABLE `tb_site.categories` (
  `id` int(11) NOT NULL,
  `name` varchar(255) NOT NULL,
  `slug` varchar(255) NOT NULL,
  `order_id` int(11) NOT NULL
) ENGINE=InnoDB DEFAULT CHARSET=utf8mb4;

--
-- Dumping data for table `tb_site.categories`
--

INSERT INTO `tb_site.categories` (`id`, `name`, `slug`, `order_id`) VALUES
(22, 'Sports', 'sports', 22),
(23, 'Systems', 'systems', 23),
(24, 'Routine', 'routine', 24);

-- --------------------------------------------------------

--
-- Table structure for table `tb_site.comments`
--

CREATE TABLE `tb_site.comments` (
  `id` int(11) NOT NULL,
  `name` varchar(255) NOT NULL,
  `comment` text NOT NULL,
  `news_id` int(11) NOT NULL
) ENGINE=InnoDB DEFAULT CHARSET=utf8mb4;

--
-- Dumping data for table `tb_site.comments`
--

INSERT INTO `tb_site.comments` (`id`, `name`, `comment`, `news_id`) VALUES
(1, 'Jony Peixoto', 'Testing: hello world!', 20),
(2, 'Jony Peixoto', 'Testing: hello world!', 20),
(3, 'Jony Peixoto', 'Testing: hello world!', 20),
(4, 'Jeff Houver', 'Hey, I am here. Talk about more about it bro!', 20),
(5, 'Jeff Houver', 'Hey, I am here. Talk about more about it bro!', 20),
(6, 'Test now', 'Test ok', 20);

-- --------------------------------------------------------

--
-- Table structure for table `tb_site.config`
--

CREATE TABLE `tb_site.config` (
  `title` varchar(255) NOT NULL,
  `name_author` varchar(255) NOT NULL,
  `description` text NOT NULL,
  `icon1` varchar(255) NOT NULL,
  `description1` text NOT NULL,
  `icon2` varchar(255) NOT NULL,
  `description2` text NOT NULL,
  `icon3` varchar(255) NOT NULL,
  `description3` text NOT NULL
) ENGINE=InnoDB DEFAULT CHARSET=utf8mb4;

--
-- Dumping data for table `tb_site.config`
--

INSERT INTO `tb_site.config` (`title`, `name_author`, `description`, `icon1`, `description1`, `icon2`, `description2`, `icon3`, `description3`) VALUES
('Project 01', 'Jony Peixoto', 'This is the content of the site author em ipsum dolor sit amet, consectetur adipiscing elit. Cras ultricies urna at massa posuere fermentum. In nec ultricies nulla. Donec eget ligula sit amet libero pharetra blandit id sed nisi. Nulla tincidunt luctus sapien et volutpat. In at ante a purus pellentesque porttitor in ac lacus. Sed eget posuere leo. In non ligula porta, posuere odio placerat, convallis metus.\r\n<br/><br/>\r\n\r\n In malesuada, ligula sed accumsan volutpat, ipsum neque tincidunt sem, eu lacinia nunc urna semper arcu. Nunc faucibus urna dolor, et pharetra tortor tempor at. Donec nec dapibus elit, quis pretium nibh. Aenean in vulputate lectus, vel interdum sem. Nunc molestie, leo quis ullamcorper laoreet, risus magna fermentum felis, at congue sem nibh id urna. Quisque in condimentum massa. In placerat accumsan felis, eu tempus dui malesuada tincidunt. In gravida quam eu aliquam eleifend..', 'fa fa-gg-circle', 'JavaScript description\r\n\r\nIt has survived not only five centuries, but also the leap into electronic typesetting, remaining essentially unchanged. ', 'fa fa-html5', 'HTML5 description\r\n\r\nIt has survived not only five centuries, but also the leap into electronic typesetting, remaining essentially unchanged. ', 'fa fa-gg-circle', 'JavaScript description\r\n\r\nIt has survived not only five centuries, but also the leap into electronic typesetting, remaining essentially unchanged. ');

-- --------------------------------------------------------

--
-- Table structure for table `tb_site.news`
--

CREATE TABLE `tb_site.news` (
  `id` int(11) NOT NULL,
  `category_id` int(11) NOT NULL,
  `date` date NOT NULL,
  `title` varchar(255) NOT NULL,
  `content` text NOT NULL,
  `cover` varchar(255) NOT NULL,
  `slug` varchar(255) NOT NULL,
  `order_id` int(11) NOT NULL
) ENGINE=InnoDB DEFAULT CHARSET=utf8mb4;

--
-- Dumping data for table `tb_site.news`
--

INSERT INTO `tb_site.news` (`id`, `category_id`, `date`, `title`, `content`, `cover`, `slug`, `order_id`) VALUES
(20, 24, '2023-08-14', 'Routine now', '<h1>Today</h1>\r\n<p><span style=\"font-family: \'Open Sans\', Arial, sans-serif; text-align: justify;\">Lorem ipsum dolor sit amet, consectetur adipiscing elit. Pellentesque eleifend, ipsum molestie ultrices accumsan, purus velit venenatis arcu, ac lobortis nisi tortor in turpis. Donec fermentum augue sit amet posuere vulputate</span></p>\r\n<p><img src=\"https://th.bing.com/th/id/OIP.Ta43uKbz87dMHymF-yUC4gHaE8?pid=ImgDet&amp;rs=1\" alt=\"Wondering How You Can Invest in Sports? Here Are a Few Ways | The ...\" /></p>\r\n<p><span style=\"font-family: \'Open Sans\', Arial, sans-serif; text-align: justify;\">sit amet, consectetur adipiscing elit. Pellentesque eleifend, ipsum molestie ultrices accumsan, purus velit venenatis arcu, ac lobortis nisi tortor in turpis. Donec fermentum augue sit amet posuere vulputate.</span></p>\r\n<p>&nbsp;</p>\r\n<p><span style=\"font-family: \'Open Sans\', Arial, sans-serif; text-align: justify;\">sit amet, consectetur adipiscing elit. Pellentesque eleifend, ipsum molestie ultrices accumsan, purus velit venenatis arcu, ac lobortis nisi tortor in turpis. Donec fermentum augue sit amet posuere vulputate.</span></p>\r\n<p>&nbsp;</p>\r\n<p><span style=\"font-family: \'Open Sans\', Arial, sans-serif; text-align: justify;\">sit amet, consectetur adipiscing elit. Pellentesque eleifend, ipsum molestie ultrices accumsan, purus velit venenatis arcu, ac lobortis nisi tortor in turpis. Donec fermentum augue sit amet posuere vulputate.</span></p>', '64d9e1e361b59.jpg', 'routine-now', 20),
(21, 22, '2023-06-24', 'New sports on Web X.0', '<p><strong>Hey</strong></p>\r\n<p><strong>what\'s up?</strong></p>', '64969a45d1fe9.jpg', 'new-sports-on-web-x.0', 21),
(22, 22, '2023-08-14', 'New Sports 6', '<p>Lorem ipsum now</p>', '64d9d9cc2ed0c.jpg', 'new-sports-6', 22);

-- --------------------------------------------------------

--
-- Table structure for table `tb_site.services`
--

CREATE TABLE `tb_site.services` (
  `id` int(11) NOT NULL,
  `service` text NOT NULL,
  `order_id` int(11) NOT NULL
) ENGINE=InnoDB DEFAULT CHARSET=utf8mb4;

--
-- Dumping data for table `tb_site.services`
--

INSERT INTO `tb_site.services` (`id`, `service`, `order_id`) VALUES
(5, 'My service #1', 5),
(6, 'My service #2 EDITED AGAIN', 9),
(7, 'My service #3 EDITED manually', 7),
(8, 'My service #4', 6),
(9, 'My service #5', 8),
(10, 'My service #6\r\n', 10),
(11, 'My service #7\r\n', 11),
(12, 'My service #8\r\n', 12),
(13, 'Ok, I understood!', 13);

-- --------------------------------------------------------

--
-- Table structure for table `tb_site.slides`
--

CREATE TABLE `tb_site.slides` (
  `id` int(11) NOT NULL,
  `name` varchar(255) NOT NULL,
  `slide` varchar(255) NOT NULL,
  `order_id` int(11) NOT NULL
) ENGINE=InnoDB DEFAULT CHARSET=utf8mb4;

--
-- Dumping data for table `tb_site.slides`
--

INSERT INTO `tb_site.slides` (`id`, `name`, `slide`, `order_id`) VALUES
(13, 'Slide #1', '648c769116a54.jpg', 13),
(14, 'Slide #2', '648c77260da0c.jpg', 14),
(15, 'Slide now #3', '648c7742bd7d1.jpg', 15),
(16, 'Slide test #11', '648c775873d3f.jpg', 16),
(17, 'Slide registered #12', '648c77767c27c.jpg', 17),
(18, 'New slides here', '64901949a7bb8.png', 18),
(19, 'New Slide now!', '6490b9b7f3770.png', 19);

-- --------------------------------------------------------

--
-- Table structure for table `tb_site.testimonials`
--

CREATE TABLE `tb_site.testimonials` (
  `id` int(11) NOT NULL,
  `name` varchar(255) NOT NULL,
  `testimonial` text NOT NULL,
  `date` varchar(255) NOT NULL,
  `order_id` int(11) NOT NULL
) ENGINE=InnoDB DEFAULT CHARSET=utf8mb4;

--
-- Dumping data for table `tb_site.testimonials`
--

INSERT INTO `tb_site.testimonials` (`id`, `name`, `testimonial`, `date`, `order_id`) VALUES
(29, 'Jony Peixoto', 'Hey, Update now on panel!', '15/11/2020', 1),
(31, 'Mendes', 'Another testimonial here.', '15/06/2102', 2),
(34, 'Brenno', 'Hey, how are you ? (Eddited)', '12/12/2022', 3),
(35, 'Aroldo Fernandez', 'Test testimonial', '12/12/2013', 4),
(37, 'Jefrey', 'testing now', '15/05/2016', 5),
(38, 'Harni', 'ok,I am testing now!', '15/05/2023', 6),
(40, 'Howfran', 'I am alpha.', '10052014', 7),
(42, 'JOnei', 'ok, brother!', '10102070', 8),
(43, 'Walter Francis', 'I am walter francis here', '11/07/2075', 43),
(44, 'Walter Francis', 'I am walter francis here', '11/07/2075', 44),
(45, 'Kelly', 'testimonial test', '10102010', 45),
(46, 'Kelly', 'testimonial test', '10102010', 46);

--
-- Indexes for dumped tables
--

--
-- Indexes for table `tb_admin.customers`
--
ALTER TABLE `tb_admin.customers`
  ADD PRIMARY KEY (`id`);

--
-- Indexes for table `tb_admin.financial`
--
ALTER TABLE `tb_admin.financial`
  ADD PRIMARY KEY (`id`);

--
-- Indexes for table `tb_admin.online`
--
ALTER TABLE `tb_admin.online`
  ADD PRIMARY KEY (`id`);

--
-- Indexes for table `tb_admin.stock`
--
ALTER TABLE `tb_admin.stock`
  ADD PRIMARY KEY (`id`);

--
-- Indexes for table `tb_admin.stock_images`
--
ALTER TABLE `tb_admin.stock_images`
  ADD PRIMARY KEY (`id`);

--
-- Indexes for table `tb_admin.users`
--
ALTER TABLE `tb_admin.users`
  ADD PRIMARY KEY (`id`);

--
-- Indexes for table `tb_admin.visits`
--
ALTER TABLE `tb_admin.visits`
  ADD PRIMARY KEY (`id`);

--
-- Indexes for table `tb_site.categories`
--
ALTER TABLE `tb_site.categories`
  ADD PRIMARY KEY (`id`);

--
-- Indexes for table `tb_site.comments`
--
ALTER TABLE `tb_site.comments`
  ADD PRIMARY KEY (`id`);

--
-- Indexes for table `tb_site.news`
--
ALTER TABLE `tb_site.news`
  ADD PRIMARY KEY (`id`);

--
-- Indexes for table `tb_site.services`
--
ALTER TABLE `tb_site.services`
  ADD PRIMARY KEY (`id`);

--
-- Indexes for table `tb_site.slides`
--
ALTER TABLE `tb_site.slides`
  ADD PRIMARY KEY (`id`);

--
-- Indexes for table `tb_site.testimonials`
--
ALTER TABLE `tb_site.testimonials`
  ADD PRIMARY KEY (`id`);

--
-- AUTO_INCREMENT for dumped tables
--

--
-- AUTO_INCREMENT for table `tb_admin.customers`
--
ALTER TABLE `tb_admin.customers`
  MODIFY `id` int(11) NOT NULL AUTO_INCREMENT, AUTO_INCREMENT=28;

--
-- AUTO_INCREMENT for table `tb_admin.financial`
--
ALTER TABLE `tb_admin.financial`
  MODIFY `id` int(11) NOT NULL AUTO_INCREMENT, AUTO_INCREMENT=13;

--
-- AUTO_INCREMENT for table `tb_admin.online`
--
ALTER TABLE `tb_admin.online`
  MODIFY `id` int(11) NOT NULL AUTO_INCREMENT, AUTO_INCREMENT=139;

--
-- AUTO_INCREMENT for table `tb_admin.stock`
--
ALTER TABLE `tb_admin.stock`
  MODIFY `id` int(11) NOT NULL AUTO_INCREMENT, AUTO_INCREMENT=6;

--
-- AUTO_INCREMENT for table `tb_admin.stock_images`
--
ALTER TABLE `tb_admin.stock_images`
  MODIFY `id` int(11) NOT NULL AUTO_INCREMENT, AUTO_INCREMENT=8;

--
-- AUTO_INCREMENT for table `tb_admin.users`
--
ALTER TABLE `tb_admin.users`
  MODIFY `id` int(11) NOT NULL AUTO_INCREMENT, AUTO_INCREMENT=4;

--
-- AUTO_INCREMENT for table `tb_admin.visits`
--
ALTER TABLE `tb_admin.visits`
  MODIFY `id` int(11) NOT NULL AUTO_INCREMENT, AUTO_INCREMENT=776;

--
-- AUTO_INCREMENT for table `tb_site.categories`
--
ALTER TABLE `tb_site.categories`
  MODIFY `id` int(11) NOT NULL AUTO_INCREMENT, AUTO_INCREMENT=25;

--
-- AUTO_INCREMENT for table `tb_site.comments`
--
ALTER TABLE `tb_site.comments`
  MODIFY `id` int(11) NOT NULL AUTO_INCREMENT, AUTO_INCREMENT=7;

--
-- AUTO_INCREMENT for table `tb_site.news`
--
ALTER TABLE `tb_site.news`
  MODIFY `id` int(11) NOT NULL AUTO_INCREMENT, AUTO_INCREMENT=23;

--
-- AUTO_INCREMENT for table `tb_site.services`
--
ALTER TABLE `tb_site.services`
  MODIFY `id` int(11) NOT NULL AUTO_INCREMENT, AUTO_INCREMENT=14;

--
-- AUTO_INCREMENT for table `tb_site.slides`
--
ALTER TABLE `tb_site.slides`
  MODIFY `id` int(11) NOT NULL AUTO_INCREMENT, AUTO_INCREMENT=20;

--
-- AUTO_INCREMENT for table `tb_site.testimonials`
--
ALTER TABLE `tb_site.testimonials`
  MODIFY `id` int(11) NOT NULL AUTO_INCREMENT, AUTO_INCREMENT=47;
COMMIT;

/*!40101 SET CHARACTER_SET_CLIENT=@OLD_CHARACTER_SET_CLIENT */;
/*!40101 SET CHARACTER_SET_RESULTS=@OLD_CHARACTER_SET_RESULTS */;
/*!40101 SET COLLATION_CONNECTION=@OLD_COLLATION_CONNECTION */;
